requirement_id,requirement_summary,penpot_screen_ids,penpot_component_ids,implementation_modules,implementation_run_id,candidate_commit,developer_tests,independent_tests,test_charter_run_id,independent_test_run_id,test_charter_commit,independent_test_exemption,native_manual_tests,test_tier,status,current_notes
PLAT-001,First-class platforms,,,,,,,,,,,,,A,not_started,
PLAT-002,Native desktop application,,,,,,,,,,,,,A,not_started,
PLAT-003,One product model,,,,,,,,,,,,,A,not_started,
PLAT-004,Mobile and web,,,,,,,,,,,,,A,not_started,
PLAT-005,Supported versions,,,,,,,,,,,,,A,not_started,
PRJ-001,ParchMint must start at a launcher in v1 rather than automatically reopening previous projects.,e96ec683-a782-802c-8008-65f7642df84d|e96ec683-a782-802c-8008-65f767f20cfd,,,,,,,,,,,,A,not_started,
PRJ-002,The launcher must show recent projects and actions to create or open a project.,e96ec683-a782-802c-8008-65f7642df84d|e96ec683-a782-802c-8008-65f76cdbc050|e96ec683-a782-802c-8008-65f767f20cfd,e96ec683-a782-802c-8008-65f5a56d7081|e96ec683-a782-802c-8008-65f701e0505c,,,,,,,,,,,A,not_started,
PRJ-003,"New Project must collect project title, destination, optional author, and default language from the supported spellcheck-language list.",e96ec683-a782-802c-8008-65f78b1ad42a|e96ec683-a782-802c-8008-65faa931a6ee,e96ec683-a782-802c-8008-65f702f8240b|e96ec683-a782-802c-8008-65f59c69c917|e96ec683-a782-802c-8008-65f59a903029,,,,,,,,,,,A,not_started,
PRJ-004,"The suggested directory name may derive from the project title, but later title changes must not rename or move the directory.",e96ec683-a782-802c-8008-65f78b1ad42a|e96ec683-a782-802c-8008-65faa931a6ee,e96ec683-a782-802c-8008-65f702f8240b,,,,,,,,,,,A,not_started,
PRJ-005,"New projects must contain one Manuscript document named `Untitled Document`, open it immediately, and begin Research empty.",e96ec683-a782-802c-8008-65f78b1ad42a,e96ec683-a782-802c-8008-65f702f8240b,,,,,,,,,,,A,not_started,
PRJ-006,One project opens in one application window; multiple project windows may be open.,e96ec683-a782-802c-8008-65f770ca73a0,,,,,,,,,,,,A,not_started,
PRJ-007,A project may have only one writable ParchMint project session at a time. A second open attempt should focus the existing window when possible or show a safe locked-project message.,e96ec683-a782-802c-8008-65f770ca73a0,,,,,,,,,,,,A,not_started,
PRJ-008,ParchMint must refuse to create a project inside another Git working tree in v1.,e96ec683-a782-802c-8008-65f78b1ad42a,e96ec683-a782-802c-8008-65f702f8240b,,,,,,,,,,,A,not_started,
PRJ-009,"Project directory paths appear only in project-management contexts, not throughout the writing UI.",e96ec683-a782-802c-8008-65f76cdbc050|e96ec683-a782-802c-8008-65f767f20cfd,e96ec683-a782-802c-8008-65f701e0505c,,,,,,,,,,,A,not_started,
PRJ-010,"Each recent-project entry must present the project name, project directory path, and last-opened date and time. Activating the project name opens the project.",,,,,,,,,,,,,A,not_started,
WS-001,The top mode control must switch between `Editor` and `Cards` without changing underlying data.,e96ec683-a782-802c-8008-65f92923c1da|e96ec683-a782-802c-8008-65f91ad51384|e96ec683-a782-802c-8008-65f93f232290|e96ec683-a782-802c-8008-65f95dbbe446|e96ec683-a782-802c-8008-65f906f35093|e96ec683-a782-802c-8008-65f9119c4804|e96ec683-a782-802c-8008-65f7fdf858b9,e96ec683-a782-802c-8008-6607f362d598,,,,,,,,,,,A,not_started,
WS-002,"Editor mode must show a collapsible/resizable left sidebar, central editor area, and collapsible/resizable right Inspector.",e96ec683-a782-802c-8008-65f80715d743|c6b492ab-8095-8078-8008-6702042ef83c|e96ec683-a782-802c-8008-65f80de435f3|e96ec683-a782-802c-8008-65f815dec29f|e96ec683-a782-802c-8008-65f7fdf858b9,e96ec683-a782-802c-8008-65f5e1526037|e96ec683-a782-802c-8008-65f5e0564ae5|e96ec683-a782-802c-8008-65f5e247224c,,,,,,,,,,,A,not_started,
WS-003,The left sidebar must provide Explorer and Global Search panels.,e96ec683-a782-802c-8008-65f7fdf858b9,e96ec683-a782-802c-8008-65f5e0564ae5,,,,,,,,,,,A,not_started,
WS-004,"The Inspector must provide Synopsis, Metadata, and Comments sections as applicable.",e96ec683-a782-802c-8008-65fa19493512|e96ec683-a782-802c-8008-65f9fa8f73f4|e96ec683-a782-802c-8008-65fa002ff390|e96ec683-a782-802c-8008-65fa061c369c|e96ec683-a782-802c-8008-65f9f48c32a9|c6b492ab-8095-8078-8008-6702042ef83c|e96ec683-a782-802c-8008-65f7fdf858b9|e96ec683-a782-802c-8008-65fa1f2ce4b0|e96ec683-a782-802c-8008-65fa2a7463fd|e96ec683-a782-802c-8008-65fa24b8839c,e96ec683-a782-802c-8008-65f5e1526037|e96ec683-a782-802c-8008-65f68f2c7a00,,,,,,,,,,,A,not_started,
WS-005,The primary editor pane fills the central area when the companion is closed.,e96ec683-a782-802c-8008-65f80715d743|e96ec683-a782-802c-8008-65f80de435f3|e96ec683-a782-802c-8008-65f815dec29f|e96ec683-a782-802c-8008-65f7fdf858b9,e96ec683-a782-802c-8008-65f64362a649,,,,,,,,,,,A,not_started,
WS-006,The optional companion pane opens on the right in v1.,e96ec683-a782-802c-8008-65f86db30e62|e96ec683-a782-802c-8008-65f879cd4b83|e96ec683-a782-802c-8008-65f7fdf858b9,e96ec683-a782-802c-8008-65f64362a649|e96ec683-a782-802c-8008-65f5e247224c,,,,,,,,,,,A,not_started,
WS-007,"Layout widths, split ratio, collapsed states, tabs, active view, scroll positions, and current mode must restore per project without entering authored history.",e96ec683-a782-802c-8008-65f7fdf858b9,,,,,,,,,,,,A,not_started,
WS-008,Clicking a tree node or Card sets the Inspector context to that node.,e96ec683-a782-802c-8008-65f92923c1da|e96ec683-a782-802c-8008-65f91ad51384|e96ec683-a782-802c-8008-65f93f232290|e96ec683-a782-802c-8008-65f95dbbe446|e96ec683-a782-802c-8008-65f906f35093|e96ec683-a782-802c-8008-65f9119c4804|e96ec683-a782-802c-8008-65fa19493512|e96ec683-a782-802c-8008-65f9fa8f73f4|e96ec683-a782-802c-8008-65fa002ff390|e96ec683-a782-802c-8008-65fa061c369c|e96ec683-a782-802c-8008-65f9f48c32a9|e96ec683-a782-802c-8008-65f7fdf858b9|e96ec683-a782-802c-8008-65fa1f2ce4b0|e96ec683-a782-802c-8008-65fa2a7463fd|e96ec683-a782-802c-8008-65fa24b8839c,,,,,,,,,,,,A,not_started,
WS-009,"Focusing or clicking an editor view sets the Inspector context to that editor's document, even if the tree retains another selection.",e96ec683-a782-802c-8008-65fa19493512|e96ec683-a782-802c-8008-65f9fa8f73f4|e96ec683-a782-802c-8008-65fa002ff390|e96ec683-a782-802c-8008-65fa061c369c|e96ec683-a782-802c-8008-65f9f48c32a9|e96ec683-a782-802c-8008-65f86db30e62|e96ec683-a782-802c-8008-65f879cd4b83|e96ec683-a782-802c-8008-65f7fdf858b9|e96ec683-a782-802c-8008-65fa1f2ce4b0|e96ec683-a782-802c-8008-65fa2a7463fd|e96ec683-a782-802c-8008-65fa24b8839c,,,,,,,,,,,,A,not_started,
WS-010,"Focus, selection, open-tab state, and active context must be distinguishable, keyboard accessible, and programmatically exposed. Color alone is insufficient.",e96ec683-a782-802c-8008-65f7fdf858b9,e96ec683-a782-802c-8008-660778942c0f,,,,,,,,,,,A,not_started,
WS-011,The minimum supported application-window size is 1280 × 720 logical pixels. ParchMint must prevent resizing below that minimum rather than substituting a mobile or feature-reduced layout.,,,,,,,,,,,,,A,not_started,
WS-012,"Every project workspace must provide persistent, mutually exclusive navigation to Editor, Cards, project History, Recently Deleted, Export, and Project Settings. Global Search is entered from the Explorer header and replaces Explorer in the left sidebar.",,e96ec683-a782-802c-8008-6607f362d598,,,,,,,,,,,A,not_started,
WS-013,"The bottom status bar must provide keyboard-accessible controls to show or hide Explorer and Inspector in addition to word count, save status, and a contextual document-History action. Pane controls expose pressed state. The History action targets the focused pane's active document and is unavailable when no document is active.",e96ec683-a782-802c-8008-65f80715d743|e96ec683-a782-802c-8008-660965c89f60|e96ec683-a782-802c-8008-65f86db30e62|e96ec683-a782-802c-8008-65f879cd4b83|e96ec683-a782-802c-8008-65f886281b72|e96ec683-a782-802c-8008-65f80de435f3|e96ec683-a782-802c-8008-65f815dec29f|e96ec683-a782-802c-8008-65f8414ccd0f|e96ec683-a782-802c-8008-65f84b13b6c6|e96ec683-a782-802c-8008-65f83837a5e5|e96ec683-a782-802c-8008-65f89294547e|c6b492ab-8095-8078-8008-6701b08cbb40|e96ec683-a782-802c-8008-65f7fdf858b9|e96ec683-a782-802c-8008-6609938011df|e96ec683-a782-802c-8008-660966256515,e96ec683-a782-802c-8008-65f5e7195d18,,,,,,,,,,,A,not_started,
WS-014,Applicable Synopsis and metadata values in Inspector must be editable in place; Comments remain available only for document context.,,e96ec683-a782-802c-8008-65f5e1526037,,,,,,,,,,,A,not_started,
WS-015,"Inspector sections, Explorer roots, grouped Global Search results, and comparable Cards groups must expose consistent expand/collapse behavior and state.",e96ec683-a782-802c-8008-65f92923c1da|e96ec683-a782-802c-8008-65f91ad51384|e96ec683-a782-802c-8008-65f93f232290|e96ec683-a782-802c-8008-65f95dbbe446|e96ec683-a782-802c-8008-65f906f35093|e96ec683-a782-802c-8008-65f9119c4804|e96ec683-a782-802c-8008-65fa19493512|e96ec683-a782-802c-8008-65f9fa8f73f4|e96ec683-a782-802c-8008-65fa002ff390|e96ec683-a782-802c-8008-65fa061c369c|e96ec683-a782-802c-8008-65f9f48c32a9|e96ec683-a782-802c-8008-65f80715d743|e96ec683-a782-802c-8008-660965c89f60|e96ec683-a782-802c-8008-65f86db30e62|e96ec683-a782-802c-8008-65f879cd4b83|e96ec683-a782-802c-8008-65f886281b72|e96ec683-a782-802c-8008-65f80de435f3|e96ec683-a782-802c-8008-65f815dec29f|e96ec683-a782-802c-8008-65f8414ccd0f|e96ec683-a782-802c-8008-65f84b13b6c6|e96ec683-a782-802c-8008-65f83837a5e5|e96ec683-a782-802c-8008-65f89294547e|c6b492ab-8095-8078-8008-6701b08cbb40|e96ec683-a782-802c-8008-65f7fdf858b9|e96ec683-a782-802c-8008-6609938011df|e96ec683-a782-802c-8008-65fb64349f88|e96ec683-a782-802c-8008-660966256515|e96ec683-a782-802c-8008-65f9c16a2709|e96ec683-a782-802c-8008-65fa1f2ce4b0|e96ec683-a782-802c-8008-65fa2a7463fd|e96ec683-a782-802c-8008-65fa24b8839c|e96ec683-a782-802c-8008-65fb59b02e93|e96ec683-a782-802c-8008-65f9a2cffacf|e96ec683-a782-802c-8008-65f9972c44e6|e96ec683-a782-802c-8008-65f9bbc1b569|e96ec683-a782-802c-8008-65f9c73f12a6|e96ec683-a782-802c-8008-65f99d3542bd,,,,,,,,,,,,A,not_started,
APPR-001,"Application settings must provide exactly three appearance choices in v1: `System`, `Light`, and `Dark`.",469ffc7d-964a-806d-8008-6c33b6cca37b|a75ba61d-99f5-8033-8008-6d4dd58f3557|469ffc7d-964a-806d-8008-6c33b32674a9,,,,,,,,,,,,A,not_started,
APPR-002,`System` is the default and follows the current operating-system appearance while ParchMint is running.,469ffc7d-964a-806d-8008-6c33b32674a9,,,,,,,,,,,,A,not_started,
APPR-003,An explicit Light or Dark choice persists as an application preference and overrides later operating-system changes until changed by the user.,469ffc7d-964a-806d-8008-6c33b6cca37b|a75ba61d-99f5-8033-8008-6d4dd58f3557,,,,,,,,,,,,A,not_started,
APPR-004,"Changing appearance updates every open ParchMint window without restarting and without entering project undo, project save, or project history.",469ffc7d-964a-806d-8008-6c33b6cca37b|a75ba61d-99f5-8033-8008-6d4dd58f3557|469ffc7d-964a-806d-8008-6c33b32674a9,,,,,,,,,,,,A,not_started,
APPR-005,"Dark appearance uses fully dark application, sidebar, Inspector, toolbar, editor-chrome, and manuscript-canvas surfaces. It must not leave the prose canvas as a light sheet.",469ffc7d-964a-806d-8008-6c33b6cca37b,,,,,,,,,,,,A,not_started,
APPR-006,Light and Dark use the same semantic component and layout contracts. Production components must consume semantic tokens rather than hard-coded theme-dependent colors.,,,,,,,,,,,,,A,not_started,
APPR-007,"Authored project styles, canonical HTML/CSS, and export output must not change when application appearance changes.",469ffc7d-964a-806d-8008-6c33b6cca37b|a75ba61d-99f5-8033-8008-6d4dd58f3557|469ffc7d-964a-806d-8008-6c33b32674a9,,,,,,,,,,,,A,not_started,
APPR-008,"Focus, selection, disabled, warning, error, comment, search-match, and save states must remain distinguishable and accessible in both appearances without relying on color alone.",469ffc7d-964a-806d-8008-6c33b6cca37b|a75ba61d-99f5-8033-8008-6d4dd58f3557|469ffc7d-964a-806d-8008-6c33b32674a9,,,,,,,,,,,,A,not_started,
APPR-009,v1 provides the Appearance setting only; a toolbar or status-bar quick toggle is deferred.,469ffc7d-964a-806d-8008-6c33b6cca37b|a75ba61d-99f5-8033-8008-6d4dd58f3557|469ffc7d-964a-806d-8008-6c33b32674a9,,,,,,,,,,,,A,not_started,
TREE-001,Explorer must show Manuscript and Research as independent collapsible sections containing their ordered hierarchies.,e96ec683-a782-802c-8008-65fb64349f88,e96ec683-a782-802c-8008-65f5a00e8a95|e96ec683-a782-802c-8008-65f5eb2cd3f9|e96ec683-a782-802c-8008-65f5e0564ae5|e96ec683-a782-802c-8008-65f5ea0be98b,,,,,,,,,,,A,not_started,
TREE-002,"Users must create, rename, and delete groups and documents under either root.",e96ec683-a782-802c-8008-65fb64349f88|e96ec683-a782-802c-8008-660966256515,e96ec683-a782-802c-8008-65f5f217ce21|e96ec683-a782-802c-8008-65f5ec3722d4|e96ec683-a782-802c-8008-65f5f11a916f|e96ec683-a782-802c-8008-65f5ea0be98b,,,,,,,,,,,A,not_started,
TREE-003,Groups may contain groups and documents; documents may not have children.,,e96ec683-a782-802c-8008-65f5ec3722d4|e96ec683-a782-802c-8008-65f5ea0be98b,,,,,,,,,,,A,not_started,
TREE-004,All sibling ordering must be explicit and deterministic.,e96ec683-a782-802c-8008-65f92923c1da|e96ec683-a782-802c-8008-65f91ad51384|e96ec683-a782-802c-8008-65f93f232290|e96ec683-a782-802c-8008-65f95dbbe446|e96ec683-a782-802c-8008-65f906f35093|e96ec683-a782-802c-8008-65f9119c4804,,,,,,,,,,,,A,not_started,
TREE-005,"Drag/drop must reorder siblings, move nodes into groups, and move nodes between Manuscript and Research.",e96ec683-a782-802c-8008-65f92923c1da|e96ec683-a782-802c-8008-65f91ad51384|e96ec683-a782-802c-8008-65f93f232290|e96ec683-a782-802c-8008-65f95dbbe446|e96ec683-a782-802c-8008-65f906f35093|e96ec683-a782-802c-8008-65f9119c4804,,,,,,,,,,,,A,not_started,
TREE-006,Moving a group must move its complete subtree; cycles must be rejected.,e96ec683-a782-802c-8008-65f92923c1da|e96ec683-a782-802c-8008-65f91ad51384|e96ec683-a782-802c-8008-65f93f232290|e96ec683-a782-802c-8008-65f95dbbe446|e96ec683-a782-802c-8008-65f906f35093|e96ec683-a782-802c-8008-65f9119c4804,,,,,,,,,,,,A,not_started,
TREE-007,Users must be able to select a contiguous range with Shift and noncontiguous nodes with the platform additive-selection modifier.,e96ec683-a782-802c-8008-65f92923c1da|e96ec683-a782-802c-8008-65f91ad51384|e96ec683-a782-802c-8008-65f93f232290|e96ec683-a782-802c-8008-65f95dbbe446|e96ec683-a782-802c-8008-65f906f35093|e96ec683-a782-802c-8008-65f9119c4804,e96ec683-a782-802c-8008-65f5f01ca60e,,,,,,,,,,,A,not_started,
TREE-008,Batch operations must normalize ancestor/descendant selections so a selected ancestor subsumes selected descendants.,e96ec683-a782-802c-8008-65f92923c1da|e96ec683-a782-802c-8008-65f91ad51384|e96ec683-a782-802c-8008-65f93f232290|e96ec683-a782-802c-8008-65f95dbbe446|e96ec683-a782-802c-8008-65f906f35093|e96ec683-a782-802c-8008-65f9119c4804,e96ec683-a782-802c-8008-65f5f01ca60e,,,,,,,,,,,A,not_started,
TREE-009,"Batch move, delete, and applicable metadata operations must preserve relative ordering.",e96ec683-a782-802c-8008-65f92923c1da|e96ec683-a782-802c-8008-65f91ad51384|e96ec683-a782-802c-8008-65f93f232290|e96ec683-a782-802c-8008-65f95dbbe446|e96ec683-a782-802c-8008-65f906f35093|e96ec683-a782-802c-8008-65f9119c4804,e96ec683-a782-802c-8008-65f5f01ca60e,,,,,,,,,,,A,not_started,
TREE-010,`Copy`/`Paste` in Explorer or Cards must duplicate selected documents with fresh IDs and filenames.,e96ec683-a782-802c-8008-65f92923c1da|e96ec683-a782-802c-8008-65f91ad51384|e96ec683-a782-802c-8008-65f93f232290|e96ec683-a782-802c-8008-65f95dbbe446|e96ec683-a782-802c-8008-65f906f35093|e96ec683-a782-802c-8008-65f9119c4804|e96ec683-a782-802c-8008-660966256515,e96ec683-a782-802c-8008-65f5f217ce21,,,,,,,,,,,A,not_started,
TREE-011,"Document copies include body, title behavior, styles, Synopsis, metadata, and export settings, but not comments or history identity.",e96ec683-a782-802c-8008-65f92923c1da|e96ec683-a782-802c-8008-65f91ad51384|e96ec683-a782-802c-8008-65f93f232290|e96ec683-a782-802c-8008-65f95dbbe446|e96ec683-a782-802c-8008-65f906f35093|e96ec683-a782-802c-8008-65f9119c4804,,,,,,,,,,,,A,not_started,
TREE-012,"When an original display title matches its first document-title block, the copy suffix is applied to both so synchronization remains active. If they differ, only the display title receives the suffix.",e96ec683-a782-802c-8008-65f92923c1da|e96ec683-a782-802c-8008-65f91ad51384|e96ec683-a782-802c-8008-65f93f232290|e96ec683-a782-802c-8008-65f95dbbe446|e96ec683-a782-802c-8008-65f906f35093|e96ec683-a782-802c-8008-65f9119c4804,,,,,,,,,,,,A,not_started,
TREE-013,"`Cut`/`Paste` moves selected documents. Cut items remain until paste succeeds, appear visually pending, and can be cancelled with Escape.",e96ec683-a782-802c-8008-65f92923c1da|e96ec683-a782-802c-8008-65f91ad51384|e96ec683-a782-802c-8008-65f93f232290|e96ec683-a782-802c-8008-65f95dbbe446|e96ec683-a782-802c-8008-65f906f35093|e96ec683-a782-802c-8008-65f9119c4804|e96ec683-a782-802c-8008-660966256515,e96ec683-a782-802c-8008-65f5f217ce21|e96ec683-a782-802c-8008-65f5ef230290,,,,,,,,,,,A,not_started,
TREE-014,Group copy and keyboard cut are deferred; groups remain movable through drag/drop.,,,,,,,,,,,,,A,not_started,
TREE-015,Cross-project copy is deferred.,,,,,,,,,,,,,A,not_started,
TREE-016,Single-click selects; double-click or Enter opens a document. Groups do not open as prose editors.,e96ec683-a782-802c-8008-660966256515,e96ec683-a782-802c-8008-65f5f217ce21|e96ec683-a782-802c-8008-65f5ec3722d4|e96ec683-a782-802c-8008-65f5eb2cd3f9,,,,,,,,,,,A,not_started,
TREE-017,Manuscript documents open in the primary pane by default; Research documents open in the companion by default.,e96ec683-a782-802c-8008-65f86db30e62,,,,,,,,,,,,A,not_started,
TREE-018,Dragging a document onto a pane or tab strip opens it in that pane.,e96ec683-a782-802c-8008-65f886281b72|e96ec683-a782-802c-8008-660966256515,e96ec683-a782-802c-8008-65f5f217ce21,,,,,,,,,,,A,not_started,
TREE-019,Explorer must reveal and distinguish the active document in each editor pane. The focused pane's document is exposed as the primary active context.,,e96ec683-a782-802c-8008-65f5e0564ae5|e96ec683-a782-802c-8008-660778942c0f,,,,,,,,,,,A,not_started,
TREE-020,"Explorer's context menu provides applicable create, open, open-in-companion, rename, copy, cut, and delete actions.",e96ec683-a782-802c-8008-660966256515,e96ec683-a782-802c-8008-65f5f217ce21,,,,,,,,,,,A,not_started,
EDIT-001,Each editor pane must support multiple reorderable tabs.,e96ec683-a782-802c-8008-65f886281b72|e96ec683-a782-802c-8008-65f7fdf858b9,e96ec683-a782-802c-8008-65f64362a649|e96ec683-a782-802c-8008-660773416c6c|e96ec683-a782-802c-8008-65f5e620057d,,,,,,,,,,,A,not_started,
EDIT-002,A document may be open at most once per pane and once in each of the two panes simultaneously.,e96ec683-a782-802c-8008-65f886281b72|e96ec683-a782-802c-8008-65f89294547e,e96ec683-a782-802c-8008-65f64362a649,,,,,,,,,,,A,not_started,
EDIT-003,Opening an already-open document in a pane focuses its existing tab.,e96ec683-a782-802c-8008-65f886281b72,e96ec683-a782-802c-8008-65f64362a649|e96ec683-a782-802c-8008-660773416c6c|e96ec683-a782-802c-8008-65f5e620057d,,,,,,,,,,,A,not_started,
EDIT-004,Closing the last companion tab closes the companion pane and expands the primary.,e96ec683-a782-802c-8008-65f886281b72,e96ec683-a782-802c-8008-65f64362a649,,,,,,,,,,,A,not_started,
EDIT-005,Closing a tab never deletes the document.,e96ec683-a782-802c-8008-65f886281b72,e96ec683-a782-802c-8008-65f64362a649|e96ec683-a782-802c-8008-660773416c6c|e96ec683-a782-802c-8008-65f5e620057d,,,,,,,,,,,A,not_started,
EDIT-006,"The same document in two panes shares body content, formatting, comments, undo history, save state, and word count.",e96ec683-a782-802c-8008-65f86db30e62|e96ec683-a782-802c-8008-65f879cd4b83|e96ec683-a782-802c-8008-65f89294547e,e96ec683-a782-802c-8008-65f64362a649,,,,,,,,,,,A,not_started,
EDIT-007,"Each view retains independent cursor, selection, scroll position, viewport, focus, and local-search state.",e96ec683-a782-802c-8008-65f86db30e62|e96ec683-a782-802c-8008-65f879cd4b83|e96ec683-a782-802c-8008-65f8414ccd0f|e96ec683-a782-802c-8008-65f89294547e,e96ec683-a782-802c-8008-65f64362a649,,,,,,,,,,,A,not_started,
EDIT-008,An edit made in one mounted view appears in the other mounted view by the next rendered frame under normal load.,e96ec683-a782-802c-8008-65f86db30e62|e96ec683-a782-802c-8008-65f879cd4b83|e96ec683-a782-802c-8008-65f89294547e,e96ec683-a782-802c-8008-65f64362a649,,,,,,,,,,,A,not_started,
EDIT-009,"Undo invoked from either view undoes the latest document operation in shared document history, regardless of origin.",e96ec683-a782-802c-8008-65f86db30e62|e96ec683-a782-802c-8008-65f879cd4b83|e96ec683-a782-802c-8008-65f89294547e,e96ec683-a782-802c-8008-65f64362a649,,,,,,,,,,,A,not_started,
EDIT-010,"All supported documents, including documents near 250,000 words, retain the same two-view and editing capabilities.",c6b492ab-8095-8078-8008-6702042ef83c|e96ec683-a782-802c-8008-65f83837a5e5|e96ec683-a782-802c-8008-65f89294547e,e96ec683-a782-802c-8008-65f64362a649,,,,,,,,,,,A,not_started,
EDIT-011,The contextual document-History action opens project History filtered to changes affecting the focused pane's active document.,e96ec683-a782-802c-8008-65f80715d743|e96ec683-a782-802c-8008-660965c89f60|e96ec683-a782-802c-8008-65f86db30e62|e96ec683-a782-802c-8008-65f879cd4b83|e96ec683-a782-802c-8008-65f886281b72|e96ec683-a782-802c-8008-65f80de435f3|e96ec683-a782-802c-8008-65f815dec29f|e96ec683-a782-802c-8008-65f8414ccd0f|e96ec683-a782-802c-8008-65f84b13b6c6|e96ec683-a782-802c-8008-65f83837a5e5|e96ec683-a782-802c-8008-65f89294547e|c6b492ab-8095-8078-8008-6701b08cbb40|e96ec683-a782-802c-8008-65f7fdf858b9|e96ec683-a782-802c-8008-6609938011df|e96ec683-a782-802c-8008-660966256515,e96ec683-a782-802c-8008-65f64362a649,,,,,,,,,,,A,not_started,
EDIT-012,"Every populated editor pane keeps its tab strip present and distinguishes active tab, focused pane, dirty tabs, and named close controls. Tabs shrink uniformly on overflow while preserving the first title character, ellipsis, and close control; full titles remain accessible.",e96ec683-a782-802c-8008-65f80715d743|e96ec683-a782-802c-8008-660965c89f60|c6b492ab-8095-8078-8008-6702042ef83c|e96ec683-a782-802c-8008-65f86db30e62|e96ec683-a782-802c-8008-65f879cd4b83|e96ec683-a782-802c-8008-65f886281b72|e96ec683-a782-802c-8008-65f80de435f3|e96ec683-a782-802c-8008-65f815dec29f|e96ec683-a782-802c-8008-65f8414ccd0f|e96ec683-a782-802c-8008-65f84b13b6c6|e96ec683-a782-802c-8008-65f83837a5e5|e96ec683-a782-802c-8008-65f89294547e|c6b492ab-8095-8078-8008-6701b08cbb40|e96ec683-a782-802c-8008-65f7fdf858b9|e96ec683-a782-802c-8008-6609938011df|e96ec683-a782-802c-8008-660966256515,e96ec683-a782-802c-8008-65f64362a649|e96ec683-a782-802c-8008-660773416c6c|e96ec683-a782-802c-8008-65f5e620057d,,,,,,,,,,,A,not_started,
FMT-001,The editor is WYSIWYG and does not expose raw HTML source editing.,c6b492ab-8095-8078-8008-6701b08cbb40,e96ec683-a782-802c-8008-65f641eca84d|e96ec683-a782-802c-8008-65f64362a649,,,,,,,,,,,A,not_started,
FMT-002,Every text block has one semantic paragraph style referenced through a stable ID.,c6b492ab-8095-8078-8008-6701b08cbb40,e96ec683-a782-802c-8008-65f641eca84d|e96ec683-a782-802c-8008-65f64362a649|e96ec683-a782-802c-8008-65f64567de5c,,,,,,,,,,,A,not_started,
FMT-003,"Reserved styles include Body, Document Title, Heading 1, Heading 2, Heading 3, Block Quote, and Verse.",c6b492ab-8095-8078-8008-6701b08cbb40|e96ec683-a782-802c-8008-65fab0e9731e|e96ec683-a782-802c-8008-65fab46a9e2b|e96ec683-a782-802c-8008-65faad3d6d8c,e96ec683-a782-802c-8008-65f641eca84d|e96ec683-a782-802c-8008-65f64362a649|e96ec683-a782-802c-8008-65f7052e0f41|e96ec683-a782-802c-8008-65f64567de5c,,,,,,,,,,,A,not_started,
FMT-004,Users may edit reserved style properties and display names but may not delete reserved styles.,c6b492ab-8095-8078-8008-6701b08cbb40|e96ec683-a782-802c-8008-65fab0e9731e|e96ec683-a782-802c-8008-65fab46a9e2b|e96ec683-a782-802c-8008-65faad3d6d8c,e96ec683-a782-802c-8008-65f641eca84d|e96ec683-a782-802c-8008-65f64362a649|469ffc7d-964a-806d-8008-6c952fec7805|e96ec683-a782-802c-8008-65f7052e0f41|e96ec683-a782-802c-8008-65f64567de5c,,,,,,,,,,,A,not_started,
FMT-005,"Users may create, rename, inherit, and edit custom project styles.",c6b492ab-8095-8078-8008-6701b08cbb40|e96ec683-a782-802c-8008-65fab0e9731e|e96ec683-a782-802c-8008-65fab46a9e2b|e96ec683-a782-802c-8008-65faad3d6d8c,e96ec683-a782-802c-8008-65f641eca84d|e96ec683-a782-802c-8008-65f64362a649|469ffc7d-964a-806d-8008-6c952fec7805|e96ec683-a782-802c-8008-65f7052e0f41|e96ec683-a782-802c-8008-65f64567de5c,,,,,,,,,,,A,not_started,
FMT-006,"Style properties include font family/size, weight, italics, alignment, first-line/left/right indentation, line spacing, space before/after, keep-with-next, and page-break-before where meaningful.",c6b492ab-8095-8078-8008-6701b08cbb40|e96ec683-a782-802c-8008-65fab0e9731e|e96ec683-a782-802c-8008-65fab46a9e2b|e96ec683-a782-802c-8008-65faad3d6d8c,e96ec683-a782-802c-8008-65f641eca84d|e96ec683-a782-802c-8008-65f64362a649|469ffc7d-964a-806d-8008-6c952fec7805|e96ec683-a782-802c-8008-65f7052e0f41|e96ec683-a782-802c-8008-65f64567de5c,,,,,,,,,,,A,not_started,
FMT-007,Changing a style immediately updates every mounted occurrence without rewriting each document solely because visual properties changed.,c6b492ab-8095-8078-8008-6701b08cbb40|e96ec683-a782-802c-8008-65fab0e9731e|e96ec683-a782-802c-8008-65fab46a9e2b|e96ec683-a782-802c-8008-65faad3d6d8c,e96ec683-a782-802c-8008-65f641eca84d|e96ec683-a782-802c-8008-65f64362a649|469ffc7d-964a-806d-8008-6c952fec7805|e96ec683-a782-802c-8008-65f7052e0f41|e96ec683-a782-802c-8008-65f64567de5c,,,,,,,,,,,A,not_started,
FMT-008,"Initial inline marks include bold, italic, underline, strikethrough, small caps, superscript, subscript, and links.",c6b492ab-8095-8078-8008-6701b08cbb40,e96ec683-a782-802c-8008-65f641eca84d|e96ec683-a782-802c-8008-65f64362a649,,,,,,,,,,,A,not_started,
FMT-009,"Arbitrary per-selection font, size, color, and spacing overrides are deferred.",c6b492ab-8095-8078-8008-6701b08cbb40,e96ec683-a782-802c-8008-65f641eca84d|e96ec683-a782-802c-8008-65f64362a649,,,,,,,,,,,A,not_started,
FMT-010,"Scene Break and Page Break are atomic structural nodes, not marker text or paragraph styles.",c6b492ab-8095-8078-8008-6701b08cbb40,e96ec683-a782-802c-8008-65f641eca84d|e96ec683-a782-802c-8008-65f64362a649|e96ec683-a782-802c-8008-65f64a806611|e96ec683-a782-802c-8008-65f6497d189b,,,,,,,,,,,A,not_started,
FMT-011,Scene-break presentation is excluded from word count and search.,c6b492ab-8095-8078-8008-6701b08cbb40,e96ec683-a782-802c-8008-65f641eca84d|e96ec683-a782-802c-8008-65f64362a649|e96ec683-a782-802c-8008-65f6497d189b,,,,,,,,,,,A,not_started,
FMT-012,Page breaks map to export pagination behavior while remaining atomic editor nodes.,c6b492ab-8095-8078-8008-6701b08cbb40,e96ec683-a782-802c-8008-65f641eca84d|e96ec683-a782-802c-8008-65f64362a649|e96ec683-a782-802c-8008-65f64a806611,,,,,,,,,,,A,not_started,
FMT-013,"Normal paste retains only supported structure/marks, sanitizes unsafe HTML, and removes unsupported visual styling.",e96ec683-a782-802c-8008-660965c89f60|c6b492ab-8095-8078-8008-6701b08cbb40,e96ec683-a782-802c-8008-65f641eca84d|e96ec683-a782-802c-8008-66077a35ef6c|e96ec683-a782-802c-8008-65f64362a649,,,,,,,,,,,A,not_started,
FMT-014,Paste Without Formatting preserves paragraph boundaries but inserts plain text.,e96ec683-a782-802c-8008-660965c89f60|c6b492ab-8095-8078-8008-6701b08cbb40,e96ec683-a782-802c-8008-65f641eca84d|e96ec683-a782-802c-8008-66077a35ef6c|e96ec683-a782-802c-8008-65f64362a649,,,,,,,,,,,A,not_started,
FMT-015,Pasted images are rejected or omitted with a clear notification.,c6b492ab-8095-8078-8008-6701b08cbb40|e96ec683-a782-802c-8008-65fb56ee8f75,e96ec683-a782-802c-8008-65f641eca84d|e96ec683-a782-802c-8008-65f64362a649,,,,,,,,,,,A,not_started,
FMT-016,Enter creates a new paragraph; after title or heading it defaults to Body; Shift+Enter inserts a line break.,c6b492ab-8095-8078-8008-6701b08cbb40,e96ec683-a782-802c-8008-65f641eca84d|e96ec683-a782-802c-8008-65f64362a649,,,,,,,,,,,A,not_started,
FMT-017,"Tab indents list items inside lists. Outside lists, a literal Tab is inserted and preserved.",c6b492ab-8095-8078-8008-6701b08cbb40,e96ec683-a782-802c-8008-65f641eca84d|e96ec683-a782-802c-8008-65f64362a649,,,,,,,,,,,A,not_started,
FMT-018,"Empty list/quotation behavior, backspace merging, and atomic-node cursor behavior are documented and tested.",c6b492ab-8095-8078-8008-6701b08cbb40,e96ec683-a782-802c-8008-65f641eca84d|e96ec683-a782-802c-8008-65f64362a649,,,,,,,,,,,A,not_started,
FMT-019,Every deletable custom style supports deletion from its own list entry. Reserved styles do not.,,,,,,,,,,,,,A,not_started,
TOOL-001,"Editor mode has exactly one formatting toolbar, even with two panes.",e96ec683-a782-802c-8008-65f7fdf858b9,e96ec683-a782-802c-8008-65f644651aae,,,,,,,,,,,A,not_started,
TOOL-002,The toolbar remains visible whenever Editor mode is active and has no collapsed state in v1.,e96ec683-a782-802c-8008-65f7fdf858b9,e96ec683-a782-802c-8008-65f644651aae,,,,,,,,,,,A,not_started,
TOOL-003,Toolbar commands target the focused editor view.,e96ec683-a782-802c-8008-65f879cd4b83|e96ec683-a782-802c-8008-65f7fdf858b9,e96ec683-a782-802c-8008-65f644651aae,,,,,,,,,,,A,not_started,
TOOL-004,Toolbar interaction does not lose active editor context for command and undo routing.,e96ec683-a782-802c-8008-65f7fdf858b9,,,,,,,,,,,,A,not_started,
TOOL-005,"The toolbar exposes style selection, common inline marks, lists/quote, links, Scene Break, and Page Break. Comment creation remains in the editor context menu and Comments panel.",e96ec683-a782-802c-8008-65fa19493512|e96ec683-a782-802c-8008-65f9fa8f73f4|e96ec683-a782-802c-8008-65fa002ff390|e96ec683-a782-802c-8008-65fa061c369c|e96ec683-a782-802c-8008-65f9f48c32a9|e96ec683-a782-802c-8008-65f80715d743|e96ec683-a782-802c-8008-660965c89f60|c6b492ab-8095-8078-8008-6702042ef83c|e96ec683-a782-802c-8008-65f86db30e62|e96ec683-a782-802c-8008-65f879cd4b83|e96ec683-a782-802c-8008-65f886281b72|e96ec683-a782-802c-8008-65f80de435f3|e96ec683-a782-802c-8008-65f815dec29f|e96ec683-a782-802c-8008-65f8414ccd0f|e96ec683-a782-802c-8008-65f84b13b6c6|e96ec683-a782-802c-8008-65f83837a5e5|e96ec683-a782-802c-8008-65f89294547e|c6b492ab-8095-8078-8008-6701b08cbb40|e96ec683-a782-802c-8008-65f7fdf858b9|e96ec683-a782-802c-8008-6609938011df|e96ec683-a782-802c-8008-660966256515|e96ec683-a782-802c-8008-65fa1f2ce4b0|e96ec683-a782-802c-8008-65fa2a7463fd|e96ec683-a782-802c-8008-65fa24b8839c|e96ec683-a782-802c-8008-65fb59b02e93|e96ec683-a782-802c-8008-65fb56ee8f75,e96ec683-a782-802c-8008-65f641eca84d|e96ec683-a782-802c-8008-65f644651aae|e96ec683-a782-802c-8008-65f64567de5c,,,,,,,,,,,A,not_started,
TITLE-001,Each document has an independent display title and may contain a first block with the reserved Document Title role.,,,,,,,,,,,,,A,not_started,
TITLE-002,Renaming the tree/Card display title never edits document body content.,,,,,,,,,,,,,A,not_started,
TITLE-003,"When the first Document Title block changes, update the display title only if it matched the block's previous value.",,,,,,,,,,,,,A,not_started,
TITLE-004,"Once display and content titles diverge, later content-title changes do not overwrite the display title.",,,,,,,,,,,,,A,not_started,
TITLE-005,"If the display title later equals the current content title, synchronization resumes for subsequent content edits.",,,,,,,,,,,,,A,not_started,
TITLE-006,Removing or emptying the title block does not blank the display title.,,,,,,,,,,,,,A,not_started,
TITLE-007,Only the first reserved title block participates in synchronization.,,,,,,,,,,,,,A,not_started,
TITLE-008,Export does not duplicate an existing exported title block.,,,,,,,,,,,,,A,not_started,
META-001,Every group and document has a built-in multiline plain-text Synopsis.,e96ec683-a782-802c-8008-65fa19493512|e96ec683-a782-802c-8008-65f9fa8f73f4|e96ec683-a782-802c-8008-65fa002ff390|e96ec683-a782-802c-8008-65fa061c369c|e96ec683-a782-802c-8008-65f9f48c32a9|e96ec683-a782-802c-8008-65fa1f2ce4b0|e96ec683-a782-802c-8008-65fa2a7463fd|e96ec683-a782-802c-8008-65fa24b8839c,e96ec683-a782-802c-8008-65f5e1526037|e96ec683-a782-802c-8008-65f68f2c7a00|e96ec683-a782-802c-8008-65f59b7d7f49|e96ec683-a782-802c-8008-65f69039ae10,,,,,,,,,,,A,not_started,
META-002,"Synopsis is editable in Inspector and Cards, globally searchable, and excluded from manuscript export.",e96ec683-a782-802c-8008-65fa19493512|e96ec683-a782-802c-8008-65f9fa8f73f4|e96ec683-a782-802c-8008-65fa002ff390|e96ec683-a782-802c-8008-65fa061c369c|e96ec683-a782-802c-8008-65f9f48c32a9|e96ec683-a782-802c-8008-65fa1f2ce4b0|e96ec683-a782-802c-8008-65fa2a7463fd|e96ec683-a782-802c-8008-65fa24b8839c,e96ec683-a782-802c-8008-65f5e1526037|e96ec683-a782-802c-8008-65f68f2c7a00|e96ec683-a782-802c-8008-65f69039ae10,,,,,,,,,,,A,not_started,
META-003,Users define arbitrary single-line or multiline plain-text metadata fields in Project Settings.,e96ec683-a782-802c-8008-65fa19493512|e96ec683-a782-802c-8008-65f9fa8f73f4|e96ec683-a782-802c-8008-65fa002ff390|e96ec683-a782-802c-8008-65fa061c369c|e96ec683-a782-802c-8008-65f9f48c32a9|e96ec683-a782-802c-8008-65fa1f2ce4b0|e96ec683-a782-802c-8008-65fa2a7463fd|e96ec683-a782-802c-8008-65fa24b8839c|e96ec683-a782-802c-8008-65fac2af3c48,e96ec683-a782-802c-8008-65f5e1526037|e96ec683-a782-802c-8008-65f7064e136b|e96ec683-a782-802c-8008-65f69160b6a2|469ffc7d-964a-806d-8008-6c952fec7805,,,,,,,,,,,A,not_started,
META-004,"Field definitions have stable ID, label, optional description, applicability, optional default, Card visibility, and display order. Direct list reordering changes display order.",e96ec683-a782-802c-8008-65fa19493512|e96ec683-a782-802c-8008-65f9fa8f73f4|e96ec683-a782-802c-8008-65fa002ff390|e96ec683-a782-802c-8008-65fa061c369c|e96ec683-a782-802c-8008-65f9f48c32a9|e96ec683-a782-802c-8008-65fa1f2ce4b0|e96ec683-a782-802c-8008-65fa2a7463fd|e96ec683-a782-802c-8008-65fa24b8839c|e96ec683-a782-802c-8008-65fac2af3c48,e96ec683-a782-802c-8008-65f5e1526037|e96ec683-a782-802c-8008-65f7064e136b|e96ec683-a782-802c-8008-65f69160b6a2|e96ec683-a782-802c-8008-65f6c1031f26,,,,,,,,,,,A,not_started,
META-005,Cards may display only predefined fields; definitions cannot be created or edited from Cards.,e96ec683-a782-802c-8008-65fa19493512|e96ec683-a782-802c-8008-65f9fa8f73f4|e96ec683-a782-802c-8008-65fa002ff390|e96ec683-a782-802c-8008-65fa061c369c|e96ec683-a782-802c-8008-65f9f48c32a9|e96ec683-a782-802c-8008-65fa1f2ce4b0|e96ec683-a782-802c-8008-65fa2a7463fd|e96ec683-a782-802c-8008-65fa24b8839c|e96ec683-a782-802c-8008-65fac2af3c48,e96ec683-a782-802c-8008-65f5e1526037|e96ec683-a782-802c-8008-65f7064e136b|e96ec683-a782-802c-8008-65f69160b6a2|e96ec683-a782-802c-8008-65f6c1031f26,,,,,,,,,,,A,not_started,
META-006,A default value is copied into newly created applicable nodes and is not a live fallback.,e96ec683-a782-802c-8008-65fa19493512|e96ec683-a782-802c-8008-65f9fa8f73f4|e96ec683-a782-802c-8008-65fa002ff390|e96ec683-a782-802c-8008-65fa061c369c|e96ec683-a782-802c-8008-65f9f48c32a9|e96ec683-a782-802c-8008-65fa1f2ce4b0|e96ec683-a782-802c-8008-65fa2a7463fd|e96ec683-a782-802c-8008-65fa24b8839c|e96ec683-a782-802c-8008-65fac2af3c48,e96ec683-a782-802c-8008-65f5e1526037|e96ec683-a782-802c-8008-65f7064e136b|e96ec683-a782-802c-8008-65f69160b6a2,,,,,,,,,,,A,not_started,
META-007,Changing applicability hides existing values without deleting them.,e96ec683-a782-802c-8008-65fa19493512|e96ec683-a782-802c-8008-65f9fa8f73f4|e96ec683-a782-802c-8008-65fa002ff390|e96ec683-a782-802c-8008-65fa061c369c|e96ec683-a782-802c-8008-65f9f48c32a9|e96ec683-a782-802c-8008-65fa1f2ce4b0|e96ec683-a782-802c-8008-65fa2a7463fd|e96ec683-a782-802c-8008-65fa24b8839c|e96ec683-a782-802c-8008-65fac2af3c48,e96ec683-a782-802c-8008-65f5e1526037|e96ec683-a782-802c-8008-65f7064e136b|e96ec683-a782-802c-8008-65f69160b6a2,,,,,,,,,,,A,not_started,
META-008,Deleting a field requires confirmation and removes current values; History can restore them.,e96ec683-a782-802c-8008-65fa19493512|e96ec683-a782-802c-8008-65f9fa8f73f4|e96ec683-a782-802c-8008-65fa002ff390|e96ec683-a782-802c-8008-65fa061c369c|e96ec683-a782-802c-8008-65f9f48c32a9|e96ec683-a782-802c-8008-65fa1f2ce4b0|e96ec683-a782-802c-8008-65fa2a7463fd|e96ec683-a782-802c-8008-65fa24b8839c|e96ec683-a782-802c-8008-65fac2af3c48,e96ec683-a782-802c-8008-65f5e1526037|e96ec683-a782-802c-8008-65f7064e136b|e96ec683-a782-802c-8008-65f69160b6a2,,,,,,,,,,,A,not_started,
META-009,Renaming a field preserves values because stable ID defines identity.,e96ec683-a782-802c-8008-65fa19493512|e96ec683-a782-802c-8008-65f9fa8f73f4|e96ec683-a782-802c-8008-65fa002ff390|e96ec683-a782-802c-8008-65fa061c369c|e96ec683-a782-802c-8008-65f9f48c32a9|e96ec683-a782-802c-8008-65fa1f2ce4b0|e96ec683-a782-802c-8008-65fa2a7463fd|e96ec683-a782-802c-8008-65fa24b8839c|e96ec683-a782-802c-8008-65fac2af3c48,e96ec683-a782-802c-8008-65f5e1526037|e96ec683-a782-802c-8008-65f7064e136b|e96ec683-a782-802c-8008-65f69160b6a2,,,,,,,,,,,A,not_started,
META-010,Metadata-field templates are deferred.,,,,,,,,,,,,,A,not_started,
META-011,The metadata-field list supports direct reordering and per-field deletion.,,,,,,,,,,,,,A,not_started,
CMT-001,"Documents support range, cursor-position, and document-level comments.",e96ec683-a782-802c-8008-65fa19493512|e96ec683-a782-802c-8008-65f9fa8f73f4|e96ec683-a782-802c-8008-65fa002ff390|e96ec683-a782-802c-8008-65fa061c369c|e96ec683-a782-802c-8008-65f9f48c32a9|e96ec683-a782-802c-8008-65f83837a5e5|e96ec683-a782-802c-8008-65fa1f2ce4b0|e96ec683-a782-802c-8008-65fa2a7463fd|e96ec683-a782-802c-8008-65fa24b8839c,e96ec683-a782-802c-8008-65f6926d4e0f,,,,,,,,,,,A,not_started,
CMT-002,A comment is a thread with a root message and collapsible chronological replies. Every thread visibly distinguishes unresolved and resolved state without relying on color alone.,e96ec683-a782-802c-8008-65fa19493512|e96ec683-a782-802c-8008-65f9fa8f73f4|e96ec683-a782-802c-8008-65fa002ff390|e96ec683-a782-802c-8008-65fa061c369c|e96ec683-a782-802c-8008-65f9f48c32a9|c6b492ab-8095-8078-8008-6702042ef83c|e96ec683-a782-802c-8008-65f83837a5e5|e96ec683-a782-802c-8008-65fa1f2ce4b0|e96ec683-a782-802c-8008-65fa2a7463fd|e96ec683-a782-802c-8008-65fa24b8839c|e96ec683-a782-802c-8008-65fb59b02e93|e96ec683-a782-802c-8008-65fb56ee8f75,e96ec683-a782-802c-8008-65f693791b92|e96ec683-a782-802c-8008-65f6926d4e0f,,,,,,,,,,,A,not_started,
CMT-003,"Each thread provides an in-thread reply composer. Users can add replies, edit/delete messages, resolve, and reopen. Threads appear in one list without separate resolved/unresolved sections.",e96ec683-a782-802c-8008-65fa19493512|e96ec683-a782-802c-8008-65f9fa8f73f4|e96ec683-a782-802c-8008-65fa002ff390|e96ec683-a782-802c-8008-65fa061c369c|e96ec683-a782-802c-8008-65f9f48c32a9|c6b492ab-8095-8078-8008-6702042ef83c|e96ec683-a782-802c-8008-65f83837a5e5|e96ec683-a782-802c-8008-65fa1f2ce4b0|e96ec683-a782-802c-8008-65fa2a7463fd|e96ec683-a782-802c-8008-65fa24b8839c|e96ec683-a782-802c-8008-65fb59b02e93|e96ec683-a782-802c-8008-65fb56ee8f75,e96ec683-a782-802c-8008-65f693791b92|e96ec683-a782-802c-8008-65f694827b40|e96ec683-a782-802c-8008-65f6926d4e0f,,,,,,,,,,,A,not_started,
CMT-004,Comment bodies are plain text with paragraph breaks.,e96ec683-a782-802c-8008-65fa19493512|e96ec683-a782-802c-8008-65f9fa8f73f4|e96ec683-a782-802c-8008-65fa002ff390|e96ec683-a782-802c-8008-65fa061c369c|e96ec683-a782-802c-8008-65f9f48c32a9|e96ec683-a782-802c-8008-65f83837a5e5|e96ec683-a782-802c-8008-65fa1f2ce4b0|e96ec683-a782-802c-8008-65fa2a7463fd|e96ec683-a782-802c-8008-65fa24b8839c,e96ec683-a782-802c-8008-65f693791b92|e96ec683-a782-802c-8008-65f694827b40|e96ec683-a782-802c-8008-65f6926d4e0f,,,,,,,,,,,A,not_started,
CMT-005,Comments appear in the active document's Inspector and at editor anchors. A document Inspector always includes Comments or an explicit empty state.,e96ec683-a782-802c-8008-65fa19493512|e96ec683-a782-802c-8008-65f9fa8f73f4|e96ec683-a782-802c-8008-65fa002ff390|e96ec683-a782-802c-8008-65fa061c369c|e96ec683-a782-802c-8008-65f9f48c32a9|e96ec683-a782-802c-8008-65f83837a5e5|e96ec683-a782-802c-8008-65fa1f2ce4b0|e96ec683-a782-802c-8008-65fa2a7463fd|e96ec683-a782-802c-8008-65fa24b8839c,e96ec683-a782-802c-8008-65f6958ed787|e96ec683-a782-802c-8008-65f6926d4e0f|e96ec683-a782-802c-8008-65f5e1526037,,,,,,,,,,,A,not_started,
CMT-006,Selecting a comment scrolls to and highlights its anchor in the last-focused view of that document.,e96ec683-a782-802c-8008-65fa19493512|e96ec683-a782-802c-8008-65f9fa8f73f4|e96ec683-a782-802c-8008-65fa002ff390|e96ec683-a782-802c-8008-65fa061c369c|e96ec683-a782-802c-8008-65f9f48c32a9|e96ec683-a782-802c-8008-65f83837a5e5|e96ec683-a782-802c-8008-65fa1f2ce4b0|e96ec683-a782-802c-8008-65fa2a7463fd|e96ec683-a782-802c-8008-65fa24b8839c,e96ec683-a782-802c-8008-65f6958ed787|e96ec683-a782-802c-8008-65f6926d4e0f,,,,,,,,,,,A,not_started,
CMT-007,The editor context menu provides Add Comment for the current selection or cursor. Selecting text does not add a floating affordance.,e96ec683-a782-802c-8008-65fa19493512|e96ec683-a782-802c-8008-65f9fa8f73f4|e96ec683-a782-802c-8008-65fa002ff390|e96ec683-a782-802c-8008-65fa061c369c|e96ec683-a782-802c-8008-65f9f48c32a9|e96ec683-a782-802c-8008-660965c89f60|c6b492ab-8095-8078-8008-6702042ef83c|e96ec683-a782-802c-8008-65f83837a5e5|e96ec683-a782-802c-8008-65fa1f2ce4b0|e96ec683-a782-802c-8008-65fa2a7463fd|e96ec683-a782-802c-8008-65fa24b8839c|e96ec683-a782-802c-8008-65fb59b02e93|e96ec683-a782-802c-8008-65fb56ee8f75,e96ec683-a782-802c-8008-65f6926d4e0f|e96ec683-a782-802c-8008-66077a35ef6c|e96ec683-a782-802c-8008-65f5a0f731ac,,,,,,,,,,,A,not_started,
CMT-008,"With no selection, Add Comment creates a position comment; the Comments panel can create a document-level comment.",e96ec683-a782-802c-8008-65fa19493512|e96ec683-a782-802c-8008-65f9fa8f73f4|e96ec683-a782-802c-8008-65fa002ff390|e96ec683-a782-802c-8008-65fa061c369c|e96ec683-a782-802c-8008-65f9f48c32a9|e96ec683-a782-802c-8008-65f83837a5e5|e96ec683-a782-802c-8008-65fa1f2ce4b0|e96ec683-a782-802c-8008-65fa2a7463fd|e96ec683-a782-802c-8008-65fa24b8839c,e96ec683-a782-802c-8008-65f6926d4e0f,,,,,,,,,,,A,not_started,
CMT-009,Comments are stored in JSON sidecars outside canonical HTML prose.,e96ec683-a782-802c-8008-65fa19493512|e96ec683-a782-802c-8008-65f9fa8f73f4|e96ec683-a782-802c-8008-65fa002ff390|e96ec683-a782-802c-8008-65fa061c369c|e96ec683-a782-802c-8008-65f9f48c32a9|e96ec683-a782-802c-8008-65f83837a5e5|e96ec683-a782-802c-8008-65fa1f2ce4b0|e96ec683-a782-802c-8008-65fa2a7463fd|e96ec683-a782-802c-8008-65fa24b8839c,,,,,,,,,,,,A,not_started,
CMT-010,"Text anchors include stable block ID, range, quotation, and context sufficient for conservative reattachment.",e96ec683-a782-802c-8008-65fa19493512|e96ec683-a782-802c-8008-65f9fa8f73f4|e96ec683-a782-802c-8008-65fa002ff390|e96ec683-a782-802c-8008-65fa061c369c|e96ec683-a782-802c-8008-65f9f48c32a9|e96ec683-a782-802c-8008-65f83837a5e5|e96ec683-a782-802c-8008-65fa1f2ce4b0|e96ec683-a782-802c-8008-65fa2a7463fd|e96ec683-a782-802c-8008-65fa24b8839c,e96ec683-a782-802c-8008-65f6958ed787,,,,,,,,,,,A,not_started,
CMT-011,Editor changes map anchors; ambiguous recovery or transformation orphans a comment rather than attaching it incorrectly.,e96ec683-a782-802c-8008-65fa19493512|e96ec683-a782-802c-8008-65f9fa8f73f4|e96ec683-a782-802c-8008-65fa002ff390|e96ec683-a782-802c-8008-65fa061c369c|e96ec683-a782-802c-8008-65f9f48c32a9|e96ec683-a782-802c-8008-65f83837a5e5|e96ec683-a782-802c-8008-65fa1f2ce4b0|e96ec683-a782-802c-8008-65fa2a7463fd|e96ec683-a782-802c-8008-65fa24b8839c|e96ec683-a782-802c-8008-65fb59b02e93,e96ec683-a782-802c-8008-65f6958ed787|e96ec683-a782-802c-8008-65f69699fe2b,,,,,,,,,,,A,not_started,
CMT-012,Orphaned comments remain visible and can be reattached or converted to document-level.,e96ec683-a782-802c-8008-65fa19493512|e96ec683-a782-802c-8008-65f9fa8f73f4|e96ec683-a782-802c-8008-65fa002ff390|e96ec683-a782-802c-8008-65fa061c369c|e96ec683-a782-802c-8008-65f9f48c32a9|e96ec683-a782-802c-8008-65f83837a5e5|e96ec683-a782-802c-8008-65fa1f2ce4b0|e96ec683-a782-802c-8008-65fa2a7463fd|e96ec683-a782-802c-8008-65fa24b8839c|e96ec683-a782-802c-8008-65fb59b02e93,e96ec683-a782-802c-8008-65f69699fe2b,,,,,,,,,,,A,not_started,
CMT-013,Comments are not copied when a document is duplicated.,,,,,,,,,,,,,A,not_started,
CMT-014,Comments are excluded from export and v1 global search.,,,,,,,,,,,,,A,not_started,
CARD-001,"Cards is an alternate projection of the same hierarchy, titles, Synopsis, metadata, ordering, and selection model used by Editor mode.",e96ec683-a782-802c-8008-65f92923c1da|e96ec683-a782-802c-8008-65f91ad51384|e96ec683-a782-802c-8008-65f93f232290|e96ec683-a782-802c-8008-65f95dbbe446|e96ec683-a782-802c-8008-65f906f35093|e96ec683-a782-802c-8008-65f9119c4804,,,,,,,,,,,,A,not_started,
CARD-002,"v1 uses one vertically ordered, virtualized hierarchy rather than a multi-column corkboard.",e96ec683-a782-802c-8008-65f92923c1da|e96ec683-a782-802c-8008-65f91ad51384|e96ec683-a782-802c-8008-65f93f232290|e96ec683-a782-802c-8008-65f95dbbe446|e96ec683-a782-802c-8008-65f906f35093|e96ec683-a782-802c-8008-65f9119c4804,e96ec683-a782-802c-8008-65f699c6475e,,,,,,,,,,,A,not_started,
CARD-003,"Cards preserve hierarchy, allow groups to expand/collapse, and expose the current drag destination.",e96ec683-a782-802c-8008-65f92923c1da|e96ec683-a782-802c-8008-65f91ad51384|e96ec683-a782-802c-8008-65f93f232290|e96ec683-a782-802c-8008-65f95dbbe446|e96ec683-a782-802c-8008-65f906f35093|e96ec683-a782-802c-8008-65f9119c4804,e96ec683-a782-802c-8008-65f6bfdd12c6,,,,,,,,,,,A,not_started,
CARD-004,Dropping onto a group moves the node into that group.,e96ec683-a782-802c-8008-65f92923c1da|e96ec683-a782-802c-8008-65f91ad51384|e96ec683-a782-802c-8008-65f93f232290|e96ec683-a782-802c-8008-65f95dbbe446|e96ec683-a782-802c-8008-65f906f35093|e96ec683-a782-802c-8008-65f9119c4804,e96ec683-a782-802c-8008-65f6bfdd12c6,,,,,,,,,,,A,not_started,
CARD-005,"Cards supports Manuscript and Research, defaulting to Manuscript.",e96ec683-a782-802c-8008-65f92923c1da|e96ec683-a782-802c-8008-65f91ad51384|e96ec683-a782-802c-8008-65f93f232290|e96ec683-a782-802c-8008-65f95dbbe446|e96ec683-a782-802c-8008-65f906f35093|e96ec683-a782-802c-8008-65f9119c4804,,,,,,,,,,,,A,not_started,
CARD-006,"Group and document Cards display title, Synopsis, and applicable configured metadata. Title and Synopsis may be edited where designed; metadata values are read-only and edited through Inspector.",e96ec683-a782-802c-8008-65f92923c1da|e96ec683-a782-802c-8008-65f91ad51384|e96ec683-a782-802c-8008-65f93f232290|e96ec683-a782-802c-8008-65f95dbbe446|e96ec683-a782-802c-8008-65f906f35093|e96ec683-a782-802c-8008-65f9119c4804,e96ec683-a782-802c-8008-65f699c6475e|e96ec683-a782-802c-8008-65f6c1031f26,,,,,,,,,,,A,not_started,
CARD-007,Explorer and Inspector remain available around Cards.,e96ec683-a782-802c-8008-65f92923c1da|e96ec683-a782-802c-8008-65f91ad51384|e96ec683-a782-802c-8008-65f93f232290|e96ec683-a782-802c-8008-65f95dbbe446|e96ec683-a782-802c-8008-65f906f35093|e96ec683-a782-802c-8008-65f9119c4804,,,,,,,,,,,,A,not_started,
CARD-008,Activating a document switches to Editor and opens it. Group disclosure or Card body expands/collapses the group without narrowing to a subtree.,e96ec683-a782-802c-8008-65f92923c1da|e96ec683-a782-802c-8008-65f91ad51384|e96ec683-a782-802c-8008-65f93f232290|e96ec683-a782-802c-8008-65f95dbbe446|e96ec683-a782-802c-8008-65f906f35093|e96ec683-a782-802c-8008-65f9119c4804,,,,,,,,,,,,A,not_started,
CARD-009,Cards and Explorer share multi-selection and applicable move/copy/cut behavior.,e96ec683-a782-802c-8008-65f92923c1da|e96ec683-a782-802c-8008-65f91ad51384|e96ec683-a782-802c-8008-65f93f232290|e96ec683-a782-802c-8008-65f95dbbe446|e96ec683-a782-802c-8008-65f906f35093|e96ec683-a782-802c-8008-65f9119c4804,e96ec683-a782-802c-8008-65f6bfdd12c6,,,,,,,,,,,A,not_started,
CARD-010,A Status value appears only when the project defines and exposes that field.,,,,,,,,,,,,,A,not_started,
SEARCH-001,`Find` opens local search in the focused editor view. Matches are indicated directly in editor content and local Find is hidden when inactive.,e96ec683-a782-802c-8008-65f8414ccd0f,e96ec683-a782-802c-8008-65f6476c9d47,,,,,,,,,,,A,not_started,
SEARCH-002,Each view has independent local-search state.,e96ec683-a782-802c-8008-65f8414ccd0f,e96ec683-a782-802c-8008-65f6476c9d47,,,,,,,,,,,A,not_started,
SEARCH-003,Enter and Shift+Enter navigate results; Escape closes local search and restores focus. Replacement controls are initially collapsed.,e96ec683-a782-802c-8008-65f8414ccd0f|e96ec683-a782-802c-8008-65f84b13b6c6,e96ec683-a782-802c-8008-65f6476c9d47,,,,,,,,,,,A,not_started,
SEARCH-004,Local search supports case-sensitive and whole-word matching and distinguishes the active match.,e96ec683-a782-802c-8008-65f8414ccd0f,e96ec683-a782-802c-8008-65f6476c9d47|469ffc7d-964a-806d-8008-6c9699f2bd9f,,,,,,,,,,,A,not_started,
SEARCH-005,Local replacement participates in document undo.,e96ec683-a782-802c-8008-65f84b13b6c6,,,,,,,,,,,,A,not_started,
SEARCH-006,"Global Search opens from the Explorer header, replaces Explorer in the left sidebar, and provides an explicit return. Replacement review uses the middle workspace pane.",e96ec683-a782-802c-8008-65f9c16a2709|e96ec683-a782-802c-8008-65f9a2cffacf|e96ec683-a782-802c-8008-65f9972c44e6|e96ec683-a782-802c-8008-65f9bbc1b569|e96ec683-a782-802c-8008-65f9c73f12a6|e96ec683-a782-802c-8008-65f99d3542bd,e96ec683-a782-802c-8008-65f6f12da672|e96ec683-a782-802c-8008-65f6f5a72f9f|e96ec683-a782-802c-8008-6607f362d598,,,,,,,,,,,A,not_started,
SEARCH-007,v1 Global Search always searches the entire project and shows no scope selector.,e96ec683-a782-802c-8008-65f9c16a2709|e96ec683-a782-802c-8008-65f9a2cffacf|e96ec683-a782-802c-8008-65f9972c44e6|e96ec683-a782-802c-8008-65f9bbc1b569|e96ec683-a782-802c-8008-65f9c73f12a6|e96ec683-a782-802c-8008-65f99d3542bd,e96ec683-a782-802c-8008-65f6f12da672,,,,,,,,,,,A,not_started,
SEARCH-008,"Searchable fields are document body, display title, Synopsis, and user-defined metadata.",e96ec683-a782-802c-8008-65f9c16a2709|e96ec683-a782-802c-8008-65f9a2cffacf|e96ec683-a782-802c-8008-65f9972c44e6|e96ec683-a782-802c-8008-65f9bbc1b569|e96ec683-a782-802c-8008-65f9c73f12a6|e96ec683-a782-802c-8008-65f99d3542bd,e96ec683-a782-802c-8008-65f6f48f6b39|e96ec683-a782-802c-8008-65f6f3773e63,,,,,,,,,,,A,not_started,
SEARCH-009,Global search supports case-sensitive and whole-word modes. Regex is deferred.,e96ec683-a782-802c-8008-65f9c16a2709|e96ec683-a782-802c-8008-65f9a2cffacf|e96ec683-a782-802c-8008-65f9972c44e6|e96ec683-a782-802c-8008-65f9bbc1b569|e96ec683-a782-802c-8008-65f9c73f12a6|e96ec683-a782-802c-8008-65f99d3542bd,e96ec683-a782-802c-8008-65f6f12da672,,,,,,,,,,,A,not_started,
SEARCH-010,"Results stream, are virtualized, grouped by document, identify the match, and navigate the focused editor view.",e96ec683-a782-802c-8008-65f9c16a2709|e96ec683-a782-802c-8008-65fb4efce34b|e96ec683-a782-802c-8008-65f9a2cffacf|e96ec683-a782-802c-8008-65f9972c44e6|e96ec683-a782-802c-8008-65f9bbc1b569|e96ec683-a782-802c-8008-65f9c73f12a6|e96ec683-a782-802c-8008-65f99d3542bd,e96ec683-a782-802c-8008-65f6f12da672|e96ec683-a782-802c-8008-65f6f48f6b39|e96ec683-a782-802c-8008-65f6f3773e63,,,,,,,,,,,A,not_started,
SEARCH-011,Global replacement modifies editable document bodies only.,e96ec683-a782-802c-8008-65f9c16a2709|e96ec683-a782-802c-8008-65f9a2cffacf|e96ec683-a782-802c-8008-65f9972c44e6|e96ec683-a782-802c-8008-65f9bbc1b569|e96ec683-a782-802c-8008-65f9c73f12a6|e96ec683-a782-802c-8008-65f99d3542bd,e96ec683-a782-802c-8008-65f6f5a72f9f,,,,,,,,,,,A,not_started,
SEARCH-012,"Global replacement requires a central hierarchy-shaped preview with selection controls for groups, documents, and matches, including indeterminate parent states.",e96ec683-a782-802c-8008-65f9c16a2709|e96ec683-a782-802c-8008-65fb4efce34b|e96ec683-a782-802c-8008-65f9a2cffacf|e96ec683-a782-802c-8008-65f9972c44e6|e96ec683-a782-802c-8008-65f9bbc1b569|e96ec683-a782-802c-8008-65f9c73f12a6|e96ec683-a782-802c-8008-65f99d3542bd,e96ec683-a782-802c-8008-65f6f5a72f9f|e96ec683-a782-802c-8008-65f6f6bd4043|e96ec683-a782-802c-8008-65f6f7d76096,,,,,,,,,,,A,not_started,
SEARCH-013,"Applying global replacement is one composite project operation, one logical project undo, and one history checkpoint.",e96ec683-a782-802c-8008-65f9c16a2709|e96ec683-a782-802c-8008-65f9a2cffacf|e96ec683-a782-802c-8008-65f9972c44e6|e96ec683-a782-802c-8008-65f9bbc1b569|e96ec683-a782-802c-8008-65f9c73f12a6|e96ec683-a782-802c-8008-65f99d3542bd,e96ec683-a782-802c-8008-65f6f5a72f9f,,,,,,,,,,,A,not_started,
SEARCH-014,Results are revalidated against current document revisions before navigation or replacement.,e96ec683-a782-802c-8008-65f9c16a2709|e96ec683-a782-802c-8008-65f9a2cffacf|e96ec683-a782-802c-8008-65f9972c44e6|e96ec683-a782-802c-8008-65f9bbc1b569|e96ec683-a782-802c-8008-65f9c73f12a6|e96ec683-a782-802c-8008-65f99d3542bd,e96ec683-a782-802c-8008-65f6f5a72f9f|e96ec683-a782-802c-8008-65f6f48f6b39|e96ec683-a782-802c-8008-65f6f3773e63,,,,,,,,,,,A,not_started,
UNDO-001,"Document undo covers prose, formatting, content-title changes, and comment changes.",,,,,,,,,,,,,A,not_started,
UNDO-002,Document undo is shared across both views of the same document.,,,,,,,,,,,,,A,not_started,
UNDO-003,"Project undo covers tree creation/deletion/move/order, display-title changes, Synopsis/metadata, metadata definitions, style definitions, project-dictionary changes, and global replacement.",,,,,,,,,,,,,A,not_started,
UNDO-004,Keyboard focus selects the undo domain. Editor/comment focus uses document undo; tree/Cards/settings/Inspector values use project undo; focused text inputs use text-input undo.,,,,,,,,,,,,,A,not_started,
UNDO-005,Interactive document/project undo may reset when the project closes. Durable older states remain available through History.,,,,,,,,,,,,,A,not_started,
UNDO-006,"A whole-project History restore, completed format migration, or accepted recovery replay resets interactive document and project undo/redo before further editing.",,,,,,,,,,,,,A,not_started,
UNDO-007,Undo and redo create new authored states and are saved/checkpointed normally; they never rewrite existing History.,,,,,,,,,,,,,A,not_started,
SAVE-001,Autosave never blocks the UI thread.,e96ec683-a782-802c-8008-65faeaa3e09e|e96ec683-a782-802c-8008-65fb074b023d|e96ec683-a782-802c-8008-65fb01630314|c5362ef2-ec03-8060-8008-68aaf1104250|e96ec683-a782-802c-8008-65faf34784d8|e96ec683-a782-802c-8008-65fb047acc6d,,,,,,,,,,,,A,not_started,
SAVE-002,Request autosave 1.5 seconds after editing becomes idle and at least every 30 seconds during continuous editing.,e96ec683-a782-802c-8008-65faeaa3e09e|e96ec683-a782-802c-8008-65fb074b023d|e96ec683-a782-802c-8008-65fb01630314|c5362ef2-ec03-8060-8008-68aaf1104250|e96ec683-a782-802c-8008-65faf34784d8|e96ec683-a782-802c-8008-65fb047acc6d,,,,,,,,,,,,A,not_started,
SAVE-003,Structural changes request immediate asynchronous save/checkpoint.,e96ec683-a782-802c-8008-65faeaa3e09e|e96ec683-a782-802c-8008-65fb074b023d|e96ec683-a782-802c-8008-65fb01630314|c5362ef2-ec03-8060-8008-68aaf1104250|e96ec683-a782-802c-8008-65faf34784d8|e96ec683-a782-802c-8008-65fb047acc6d,,,,,,,,,,,,A,not_started,
SAVE-004,"Closing a tab, switching projects, or closing a window requests a high-priority save.",e96ec683-a782-802c-8008-65fb28e7bd3d|e96ec683-a782-802c-8008-65faeaa3e09e|e96ec683-a782-802c-8008-65fb074b023d|e96ec683-a782-802c-8008-65fb01630314|c5362ef2-ec03-8060-8008-68aaf1104250|e96ec683-a782-802c-8008-65faf34784d8|e96ec683-a782-802c-8008-65fb047acc6d,,,,,,,,,,,,A,not_started,
SAVE-005,`Save` queues a high-priority save through the current revision but remains nonblocking.,e96ec683-a782-802c-8008-65faeaa3e09e|e96ec683-a782-802c-8008-65fb074b023d|e96ec683-a782-802c-8008-65fb01630314|c5362ef2-ec03-8060-8008-68aaf1104250|e96ec683-a782-802c-8008-65faf34784d8|e96ec683-a782-802c-8008-65fb047acc6d,,,,,,,,,,,,A,not_started,
SAVE-006,"Status distinguishes dirty, saving, saved-through-revision, and error states.",e96ec683-a782-802c-8008-65f7fdf858b9|e96ec683-a782-802c-8008-65faeaa3e09e|e96ec683-a782-802c-8008-65fb074b023d|e96ec683-a782-802c-8008-65fb01630314|c5362ef2-ec03-8060-8008-68aaf1104250|e96ec683-a782-802c-8008-65faf34784d8|e96ec683-a782-802c-8008-65fb047acc6d,e96ec683-a782-802c-8008-65f5e7195d18,,,,,,,,,,,A,not_started,
SAVE-007,A save captures a consistent revision; later edits remain dirty for another save.,e96ec683-a782-802c-8008-65faeaa3e09e|e96ec683-a782-802c-8008-65fb074b023d|e96ec683-a782-802c-8008-65fb01630314|c5362ef2-ec03-8060-8008-68aaf1104250|e96ec683-a782-802c-8008-65faf34784d8|e96ec683-a782-802c-8008-65fb047acc6d,,,,,,,,,,,,A,not_started,
SAVE-008,Only dirty canonical resources are serialized and written.,e96ec683-a782-802c-8008-65faeaa3e09e|e96ec683-a782-802c-8008-65fb074b023d|e96ec683-a782-802c-8008-65fb01630314|c5362ef2-ec03-8060-8008-68aaf1104250|e96ec683-a782-802c-8008-65faf34784d8|e96ec683-a782-802c-8008-65fb047acc6d,,,,,,,,,,,,A,not_started,
SAVE-009,Canonical writes use crash-safe temporary-write/flush/atomic-replace behavior appropriate to each platform.,e96ec683-a782-802c-8008-65faeaa3e09e|e96ec683-a782-802c-8008-65fb074b023d|e96ec683-a782-802c-8008-65fb01630314|c5362ef2-ec03-8060-8008-68aaf1104250|e96ec683-a782-802c-8008-65faf34784d8|e96ec683-a782-802c-8008-65fb047acc6d,,,,,,,,,,,,A,not_started,
SAVE-010,A completed history checkpoint corresponds to successfully written canonical state.,e96ec683-a782-802c-8008-65faeaa3e09e|e96ec683-a782-802c-8008-65fb074b023d|e96ec683-a782-802c-8008-65fb01630314|c5362ef2-ec03-8060-8008-68aaf1104250|e96ec683-a782-802c-8008-65faf34784d8|e96ec683-a782-802c-8008-65fb047acc6d,,,,,,,,,,,,A,not_started,
SAVE-011,A high-frequency recovery journal protects changes after the latest completed autosave.,e96ec683-a782-802c-8008-65fb5463b665|e96ec683-a782-802c-8008-65faeaa3e09e|e96ec683-a782-802c-8008-65fb074b023d|e96ec683-a782-802c-8008-65fb01630314|c5362ef2-ec03-8060-8008-68aaf1104250|e96ec683-a782-802c-8008-65faf34784d8|e96ec683-a782-802c-8008-65fb047acc6d|e96ec683-a782-802c-8008-65fb6192c697,e96ec683-a782-802c-8008-65f70ac67a6f,,,,,,,,,,,A,not_started,
SAVE-012,"Recovery data is implementation-specific, versioned, and never the sole copy of completed authored state.",e96ec683-a782-802c-8008-65faeaa3e09e|e96ec683-a782-802c-8008-65fb074b023d|e96ec683-a782-802c-8008-65fb01630314|c5362ef2-ec03-8060-8008-68aaf1104250|e96ec683-a782-802c-8008-65faf34784d8|e96ec683-a782-802c-8008-65fb047acc6d|e96ec683-a782-802c-8008-65fb6192c697|e96ec683-a782-802c-8008-65fb56ee8f75,e96ec683-a782-802c-8008-65f70ac67a6f,,,,,,,,,,,A,not_started,
SAVE-013,"On save failure, editing remains available, the error persists visibly, recovery remains intact, and the application does not claim Saved.",e96ec683-a782-802c-8008-65fb28e7bd3d|e96ec683-a782-802c-8008-65fb5463b665|e96ec683-a782-802c-8008-65faeaa3e09e|e96ec683-a782-802c-8008-65fb074b023d|e96ec683-a782-802c-8008-65fb01630314|c5362ef2-ec03-8060-8008-68aaf1104250|e96ec683-a782-802c-8008-65faf34784d8|e96ec683-a782-802c-8008-65fb047acc6d|e96ec683-a782-802c-8008-65fb51954307|e96ec683-a782-802c-8008-65fb6192c697,e96ec683-a782-802c-8008-65f709a7779e|e96ec683-a782-802c-8008-65f70ac67a6f,,,,,,,,,,,A,not_started,
SAVE-014,A normal close waits asynchronously for final save. Failure keeps the project open with Retry and Cancel Close.,e96ec683-a782-802c-8008-65fb28e7bd3d|e96ec683-a782-802c-8008-65faeaa3e09e|e96ec683-a782-802c-8008-65fb074b023d|e96ec683-a782-802c-8008-65fb01630314|c5362ef2-ec03-8060-8008-68aaf1104250|e96ec683-a782-802c-8008-65faf34784d8|e96ec683-a782-802c-8008-65fb047acc6d,e96ec683-a782-802c-8008-65f70ac67a6f,,,,,,,,,,,A,not_started,
HIST-001,Every completed autosave checkpoint is retained indefinitely; v1 performs no automatic pruning.,e96ec683-a782-802c-8008-65fa5be73781|e96ec683-a782-802c-8008-65fa75e1d788|e96ec683-a782-802c-8008-65fa56f4c808,,,,,,,,,,,,A,not_started,
HIST-002,Git is hidden from ordinary UI.,e96ec683-a782-802c-8008-65fa5be73781|e96ec683-a782-802c-8008-65fa75e1d788|e96ec683-a782-802c-8008-65fa56f4c808,,,,,,,,,,,,A,not_started,
HIST-003,The project root uses one app-managed linear `main` history.,e96ec683-a782-802c-8008-65fa5be73781|e96ec683-a782-802c-8008-65fa75e1d788|e96ec683-a782-802c-8008-65fa56f4c808,,,,,,,,,,,,A,not_started,
HIST-004,"Checkpoints include project manifest, documents, styles, metadata, Synopsis, project dictionary, annotations, and deletion tombstones, but exclude caches, indexes, recovery files, appearance, global dictionary, and workspace layout.",e96ec683-a782-802c-8008-65fa5be73781|e96ec683-a782-802c-8008-65fa75e1d788|e96ec683-a782-802c-8008-65fa56f4c808,,,,,,,,,,,,A,not_started,
HIST-005,"History distinguishes autosave, explicit save, structural, named snapshot, and restoration events.",e96ec683-a782-802c-8008-65fa5be73781|e96ec683-a782-802c-8008-65fa75e1d788|e96ec683-a782-802c-8008-65fa56f4c808,e96ec683-a782-802c-8008-65f6fa0243cf|e96ec683-a782-802c-8008-65f6f8ec20ee,,,,,,,,,,,A,not_started,
HIST-006,"Users may create named snapshots after pending changes are flushed, including a marker when no content changed.",e96ec683-a782-802c-8008-65fa5be73781|e96ec683-a782-802c-8008-65fa75e1d788|e96ec683-a782-802c-8008-65fa56f4c808,e96ec683-a782-802c-8008-65f6f8ec20ee|e96ec683-a782-802c-8008-65f6fb1b86ee,,,,,,,,,,,A,not_started,
HIST-007,"History supports chronological virtualized browsing, active-document filtering, side-by-side checkpoint-versus-current comparison, and restoration of the entire project. Partial checkpoint restoration is deferred.",e96ec683-a782-802c-8008-65fa5be73781|e96ec683-a782-802c-8008-65fa75e1d788|e96ec683-a782-802c-8008-65fa56f4c808|e96ec683-a782-802c-8008-65fb4bdc4cf4|e96ec683-a782-802c-8008-65fa7a7978c7|e96ec683-a782-802c-8008-65fa7f1e374c,e96ec683-a782-802c-8008-65f6fd4e533d|e96ec683-a782-802c-8008-65f6fa0243cf|e96ec683-a782-802c-8008-65f6fc338bd1|e96ec683-a782-802c-8008-65f6f8ec20ee|e96ec683-a782-802c-8008-65f6fe661b3c|e96ec683-a782-802c-8008-6607f362d598,,,,,,,,,,,A,not_started,
HIST-008,Restoration creates a new checkpoint and never rewinds or rewrites existing history.,e96ec683-a782-802c-8008-65fa5be73781|e96ec683-a782-802c-8008-65fa75e1d788|e96ec683-a782-802c-8008-65fa56f4c808,e96ec683-a782-802c-8008-65f6fe661b3c,,,,,,,,,,,A,not_started,
HIST-009,Current canonical files remain readable if history is missing or damaged; the user may reinitialize history from current state.,e96ec683-a782-802c-8008-65fa5be73781|e96ec683-a782-802c-8008-65fa75e1d788|e96ec683-a782-802c-8008-65fa56f4c808|e96ec683-a782-802c-8008-65fb4bdc4cf4,e96ec683-a782-802c-8008-65f709a7779e,,,,,,,,,,,A,not_started,
HIST-010,History maintenance runs on background workers and does not compete perceptibly with active editing.,e96ec683-a782-802c-8008-65fa5be73781|e96ec683-a782-802c-8008-65fa75e1d788|e96ec683-a782-802c-8008-65fa56f4c808,,,,,,,,,,,,A,not_started,
HIST-011,Remote push/backup is deferred.,,,,,,,,,,,,,A,not_started,
DEL-001,v1 has no Trash node in the live hierarchy.,e96ec683-a782-802c-8008-65fa7a7978c7|e96ec683-a782-802c-8008-65fa7f1e374c,,,,,,,,,,,,A,not_started,
DEL-002,Delete removes content from current project state but preserves it in History.,e96ec683-a782-802c-8008-65fa7a7978c7|e96ec683-a782-802c-8008-65fa7f1e374c,,,,,,,,,,,,A,not_started,
DEL-003,"A deletion tombstone records stable node ID, title, type, section, former parent/order, deletion time, and restoring checkpoint.",e96ec683-a782-802c-8008-65fa7a7978c7|e96ec683-a782-802c-8008-65fa7f1e374c,e96ec683-a782-802c-8008-65f700c45012|e96ec683-a782-802c-8008-65f6ffa154ca,,,,,,,,,,,A,not_started,
DEL-004,"Recently Deleted lists deleted documents/groups, shows one formatted read-only preview, presents restore location, and can restore complete subtrees.",e96ec683-a782-802c-8008-65fa7a7978c7|e96ec683-a782-802c-8008-65fa7f1e374c,e96ec683-a782-802c-8008-65f700c45012|e96ec683-a782-802c-8008-65f6ffa154ca|e96ec683-a782-802c-8008-6607f362d598,,,,,,,,,,,A,not_started,
DEL-005,Restore returns to the old location where possible or the relevant section root when the former parent is gone.,e96ec683-a782-802c-8008-65fa7a7978c7|e96ec683-a782-802c-8008-65fa7f1e374c,e96ec683-a782-802c-8008-65f700c45012|e96ec683-a782-802c-8008-65f6ffa154ca,,,,,,,,,,,A,not_started,
DEL-006,Session project undo immediately reverses deletion while its entry remains available.,e96ec683-a782-802c-8008-65fa7a7978c7|e96ec683-a782-802c-8008-65fa7f1e374c,,,,,,,,,,,,A,not_started,
DEL-007,"v1 provides no purge, Empty Trash, or permanent history-erasure command.",e96ec683-a782-802c-8008-65fa7a7978c7|e96ec683-a782-802c-8008-65fa7f1e374c,,,,,,,,,,,,A,not_started,
RES-001,v1 Research contains only groups and app-created managed rich-text notes.,,,,,,,,,,,,,A,not_started,
RES-002,Managed Research notes use the same editor and canonical format as Manuscript documents.,,,,,,,,,,,,,A,not_started,
RES-003,Research is excluded from normal manuscript export.,,,,,,,,,,,,,A,not_started,
RES-004,"Import, attachments, linked resources, PDFs, images, arbitrary files, and external previews are deferred.",,,,,,,,,,,,,A,not_started,
WORD-001,Show selection count when text is selected and active-document count otherwise.,e96ec683-a782-802c-8008-65f7fdf858b9,e96ec683-a782-802c-8008-65f5e7195d18,,,,,,,,,,,A,not_started,
WORD-002,Provide a Manuscript total in the normal workspace without requiring every document body to be loaded.,,,,,,,,,,,,,A,not_started,
WORD-003,"Count exportable titles, headings, and prose; exclude comments, Synopsis, metadata, scene breaks, and page breaks.",,,,,,,,,,,,,A,not_started,
WORD-004,Common contractions and ordinary hyphenated compounds count as one; numbers count as words.,,,,,,,,,,,,,A,not_started,
WORD-005,Open-document counts update incrementally. The Manuscript total may use disposable derived records rebuilt from canonical documents.,,,,,,,,,,,,,A,not_started,
SPELL-001,"Spellcheck is required in v1 on Windows, macOS, and Linux and must provide correct, performant behavior in every supported platform webview.",e96ec683-a782-802c-8008-6609938011df|e96ec683-a782-802c-8008-65fac637bfea,e96ec683-a782-802c-8008-66077f2960a3|469ffc7d-964a-806d-8008-6c952fec7805|e96ec683-a782-802c-8008-66077bd31eb2|e96ec683-a782-802c-8008-66077d6e0583,,,,,,,,,,,A,not_started,
SPELL-002,"Spellcheck uses the project-default language and supports a global dictionary, project dictionary, token-level suggestions, and viewport/recent-change-bounded checking.",e96ec683-a782-802c-8008-6609938011df|e96ec683-a782-802c-8008-65fac637bfea,e96ec683-a782-802c-8008-66077f2960a3|469ffc7d-964a-806d-8008-6c952fec7805|e96ec683-a782-802c-8008-66077bd31eb2|e96ec683-a782-802c-8008-66077d6e0583,,,,,,,,,,,A,not_started,
SPELL-003,The exact v1 supported-language inventory must be frozen before broad spellcheck UI implementation and must be identical across supported platforms for a given release.,e96ec683-a782-802c-8008-6609938011df|e96ec683-a782-802c-8008-65fac637bfea,e96ec683-a782-802c-8008-66077f2960a3|469ffc7d-964a-806d-8008-6c952fec7805|e96ec683-a782-802c-8008-66077bd31eb2|e96ec683-a782-802c-8008-66077d6e0583,,,,,,,,,,,A,not_started,
SPELL-004,Spellcheck failure must not block typing or saving. Errors remain visible and recoverable; release is blocked until cross-platform correctness and latency gates pass or this specification is updated by the product owner.,,,,,,,,,,,,,A,not_started,
SPELL-005,"A misspelled word is decorated in place, and its spelling context menu is anchored to that word with ranked spelling suggestions and applicable project/global dictionary actions.",,,,,,,,,,,,,A,not_started,
SPELL-006,Native webview spellcheck may be disabled when the selected ParchMint spellcheck implementation would otherwise produce duplicate or inconsistent decorations or menus.,,,,,,,,,,,,,A,not_started,
EXP-001,v1 exports one self-contained HTML5 manuscript.,e96ec683-a782-802c-8008-65faeaa3e09e|e96ec683-a782-802c-8008-65fb074b023d|e96ec683-a782-802c-8008-65fb01630314|c5362ef2-ec03-8060-8008-68aaf1104250|e96ec683-a782-802c-8008-65faf34784d8|e96ec683-a782-802c-8008-65fb047acc6d,e96ec683-a782-802c-8008-65f7076a5ebf,,,,,,,,,,,A,not_started,
EXP-002,v1 always exports the entire Manuscript. Partial scope is deferred.,e96ec683-a782-802c-8008-65faeaa3e09e|e96ec683-a782-802c-8008-65fb074b023d|e96ec683-a782-802c-8008-65fb01630314|c5362ef2-ec03-8060-8008-68aaf1104250|e96ec683-a782-802c-8008-65faf34784d8|e96ec683-a782-802c-8008-65fb047acc6d,e96ec683-a782-802c-8008-65f7076a5ebf,,,,,,,,,,,A,not_started,
EXP-003,"Project defaults, group overrides, and document overrides use Inherit/Enabled/Disabled for title emission and page-break behavior. Per-node inclusion overrides are deferred.",e96ec683-a782-802c-8008-65fb28e7bd3d|e96ec683-a782-802c-8008-65faeaa3e09e|e96ec683-a782-802c-8008-65fb074b023d|e96ec683-a782-802c-8008-65fb01630314|c5362ef2-ec03-8060-8008-68aaf1104250|e96ec683-a782-802c-8008-65faf34784d8|e96ec683-a782-802c-8008-65fb047acc6d,e96ec683-a782-802c-8008-65f59d52590f|e96ec683-a782-802c-8008-65f7076a5ebf,,,,,,,,,,,A,not_started,
EXP-004,Numbering is an export-run option rather than arbitrary persistent per-node numbering.,e96ec683-a782-802c-8008-65faeaa3e09e|e96ec683-a782-802c-8008-65fb074b023d|e96ec683-a782-802c-8008-65fb01630314|c5362ef2-ec03-8060-8008-68aaf1104250|e96ec683-a782-802c-8008-65faf34784d8|e96ec683-a782-802c-8008-65fb047acc6d,e96ec683-a782-802c-8008-65f7076a5ebf,,,,,,,,,,,A,not_started,
EXP-005,Group titles may emit headings despite groups having no body.,e96ec683-a782-802c-8008-65faeaa3e09e|e96ec683-a782-802c-8008-65fb074b023d|e96ec683-a782-802c-8008-65fb01630314|c5362ef2-ec03-8060-8008-68aaf1104250|e96ec683-a782-802c-8008-65faf34784d8|e96ec683-a782-802c-8008-65fb047acc6d,e96ec683-a782-802c-8008-65f7076a5ebf,,,,,,,,,,,A,not_started,
EXP-006,The exporter does not duplicate existing document title content.,e96ec683-a782-802c-8008-65faeaa3e09e|e96ec683-a782-802c-8008-65fb074b023d|e96ec683-a782-802c-8008-65fb01630314|c5362ef2-ec03-8060-8008-68aaf1104250|e96ec683-a782-802c-8008-65faf34784d8|e96ec683-a782-802c-8008-65fb047acc6d,e96ec683-a782-802c-8008-65f7076a5ebf,,,,,,,,,,,A,not_started,
EXP-007,"Research, comments, Synopsis, and metadata are excluded unless a future feature says otherwise.",e96ec683-a782-802c-8008-65faeaa3e09e|e96ec683-a782-802c-8008-65fb074b023d|e96ec683-a782-802c-8008-65fb01630314|c5362ef2-ec03-8060-8008-68aaf1104250|e96ec683-a782-802c-8008-65faf34784d8|e96ec683-a782-802c-8008-65fb047acc6d,e96ec683-a782-802c-8008-65f7076a5ebf,,,,,,,,,,,A,not_started,
EXP-008,"The export interface identifies Entire Manuscript as fixed v1 scope and contains output path/name, title/page-break controls, numbering, and Export.",e96ec683-a782-802c-8008-65faeaa3e09e|e96ec683-a782-802c-8008-65fb074b023d|e96ec683-a782-802c-8008-65fb01630314|c5362ef2-ec03-8060-8008-68aaf1104250|e96ec683-a782-802c-8008-65faf34784d8|e96ec683-a782-802c-8008-65fb047acc6d,e96ec683-a782-802c-8008-65f7076a5ebf|e96ec683-a782-802c-8008-6607f362d598,,,,,,,,,,,A,not_started,
EXP-009,"After export, the user may open the result or reveal it in the file manager.",e96ec683-a782-802c-8008-65faeaa3e09e|e96ec683-a782-802c-8008-65fb074b023d|e96ec683-a782-802c-8008-65fb01630314|c5362ef2-ec03-8060-8008-68aaf1104250|e96ec683-a782-802c-8008-65faf34784d8|e96ec683-a782-802c-8008-65fb047acc6d,e96ec683-a782-802c-8008-65f7076a5ebf|e96ec683-a782-802c-8008-65f5a47e7859,,,,,,,,,,,A,not_started,
EXP-010,Generated TOC and in-app preview are deferred.,e96ec683-a782-802c-8008-65faeaa3e09e|e96ec683-a782-802c-8008-65fb074b023d|e96ec683-a782-802c-8008-65fb01630314|c5362ef2-ec03-8060-8008-68aaf1104250|e96ec683-a782-802c-8008-65faf34784d8|e96ec683-a782-802c-8008-65fb047acc6d,e96ec683-a782-802c-8008-65f7076a5ebf,,,,,,,,,,,A,not_started,
DATA-001,"Current authored data uses restricted deterministic HTML5, TOML, CSS, JSON, and UTF-8 text sidecars.",e96ec683-a782-802c-8008-65fb5463b665|e96ec683-a782-802c-8008-65fb51954307,,,,,,,,,,,,A,not_started,
DATA-002,"Groups map to directories and documents to HTML files, while the manifest is authoritative for identity, ordering, titles, metadata, and semantics.",,,,,,,,,,,,,A,not_started,
DATA-003,Internal filenames are implementation details and never normal UI labels.,,,,,,,,,,,,,A,not_started,
DATA-004,Renaming a displayed title does not rename the backing file.,,,,,,,,,,,,,A,not_started,
DATA-005,"Serialization uses UTF-8, LF, deterministic attribute ordering, stable whitespace/escaping, stable block IDs, and no rewriting of unchanged documents.",e96ec683-a782-802c-8008-65fb51954307,,,,,,,,,,,,A,not_started,
DATA-006,Deleting caches and indexes does not break current project functionality.,,,,,,,,,,,,,A,not_started,
DATA-007,Deleting history removes old versions but does not damage current authored content.,,,,,,,,,,,,,A,not_started,
DATA-008,"Canonical paths are relative, normalized, traversal-safe, case-conflict checked, and portable across Windows/macOS/Linux.",,,,,,,,,,,,,A,not_started,
DATA-009,ProseMirror JSON is transient editor state and never canonical project format.,,,,,,,,,,,,,A,not_started,
DATA-010,SQLite is derived state only and never the sole project store.,,,,,,,,,,,,,A,not_started,
DATA-011,"The project dictionary is stored in a deterministic, inspectable canonical text representation. The global dictionary is stored in application preferences outside the project.",,,,,,,,,,,,,A,not_started,
PERF-001,Projects up to 10–20 million words.,,,,,,,,,,,,,A,not_started,
PERF-002,Approximately 300–500 Manuscript documents and 25–50 Research documents.,,,,,,,,,,,,,A,not_started,
PERF-003,"Individual documents up to approximately 250,000 words.",e96ec683-a782-802c-8008-65f83837a5e5,,,,,,,,,,,,A,not_started,
PERF-004,All documents within the supported range receive the same features and interaction model.,e96ec683-a782-802c-8008-65f83837a5e5,,,,,,,,,,,,A,not_started,
PERF-005,Key-to-paint target: p95 ≤16 ms and p99 ≤33 ms under normal load.,,,,,,,,,,,,,A,not_started,
PERF-006,No save/history/search/spellcheck/export operation blocks the UI thread for more than 2 ms in one event-loop turn.,,,,,,,,,,,,,A,not_started,
PERF-007,Warm first editable viewport target is ≤250 ms for ordinary documents.,c6b492ab-8095-8078-8008-6702042ef83c,,,,,,,,,,,,A,not_started,
PERF-008,"At 250,000 words, the release gate is ≤1 second to first editable viewport on agreed reference hardware, with no feature reduction.",c6b492ab-8095-8078-8008-6702042ef83c,,,,,,,,,,,,A,not_started,
PERF-009,Warm indexed global search begins returning results within 200 ms.,,,,,,,,,,,,,A,not_started,
PERF-010,Tree/Card movement visibly updates within 100 ms.,,,,,,,,,,,,,A,not_started,
PERF-011,Project open does not load every document body.,,,,,,,,,,,,,A,not_started,
PERF-012,"Search rebuild, history maintenance, export, save, word-count rebuild, and spellcheck run in bounded background work and can be paused/cancelled where appropriate.",c6b492ab-8095-8078-8008-6702042ef83c|e96ec683-a782-802c-8008-65fb4efce34b,e96ec683-a782-802c-8008-65f70887ed14,,,,,,,,,,,A,not_started,
PERF-013,Memory stabilizes under repeated open/edit/undo/search/close cycles; closing a document/view reclaims material editor resources.,,,,,,,,,,,,,A,not_started,
PERF-014,"Transparent optimizations may be used only when selection, accessibility, search, comments, clipboard, and undo semantics remain unchanged.",,,,,,,,,,,,,A,not_started,
PERF-015,Editor projection/recovery work must use bounded coalescing and must not accumulate an unbounded backlog during continuous typing.,,,,,,,,,,,,,A,not_started,
A11Y-001,All primary workflows are keyboard accessible.,,e96ec683-a782-802c-8008-65f59d52590f|e96ec683-a782-802c-8008-65f59c69c917|e96ec683-a782-802c-8008-65f59a903029|e96ec683-a782-802c-8008-65f5a0f731ac,,,,,,,,,,,A,not_started,
A11Y-002,Focus is visible and programmatically exposed.,,e96ec683-a782-802c-8008-65f5a74ac4f2,,,,,,,,,,,A,not_started,
A11Y-003,"Screen readers expose windows, mode controls, panes, tabs, tree hierarchy, Cards, headings, paragraphs, lists, comments, toolbar state, save/error state, spellcheck state, appearance choices, and dialogs.",e96ec683-a782-802c-8008-65fb28e7bd3d|e96ec683-a782-802c-8008-65f78b1ad42a,e96ec683-a782-802c-8008-65f5a00e8a95|e96ec683-a782-802c-8008-660773416c6c|e96ec683-a782-802c-8008-65f5a65dd2a8|e96ec683-a782-802c-8008-65f70887ed14|e96ec683-a782-802c-8008-65f5e620057d|e96ec683-a782-802c-8008-65f5a47e7859,,,,,,,,,,,A,not_started,
A11Y-004,Color is not the only status/selection/error indicator.,,e96ec683-a782-802c-8008-66077bd31eb2,,,,,,,,,,,A,not_started,
A11Y-005,"UI works at 100%, intermediate scaling, and 200% without caret, selection, hit-test, or layout drift.",,,,,,,,,,,,,A,not_started,
A11Y-006,"Editor input supports grapheme movement, combining marks, emoji, CJK IME composition/candidates, Arabic, bidirectional text, and literal tabs.",,,,,,,,,,,,,A,not_started,
A11Y-007,Reduced-motion preferences suppress nonessential animation while preserving state clarity.,,,,,,,,,,,,,A,not_started,
A11Y-008,"Native interactive accessibility is tested with VoiceOver, Narrator or NVDA, and Orca before release.",,,,,,,,,,,,,A,not_started,
A11Y-009,"Light and Dark appearances meet applicable text, icon, focus, selection, and state contrast requirements.",,,,,,,,,,,,,A,not_started,
SEC-001,Core functionality requires no network connection.,e96ec683-a782-802c-8008-65f7642df84d,,,,,,,,,,,,A,not_started,
SEC-002,The desktop shell loads only bundled local application content in v1 and blocks in-app navigation to remote origins.,,,,,,,,,,,,,A,not_started,
SEC-003,Use a strict CSP and least-privilege desktop-shell capabilities bound to the originating application window and project session.,,,,,,,,,,,,,A,not_started,
SEC-004,No remote content receives privileged Tauri access.,,,,,,,,,,,,,A,not_started,
SEC-005,Project paths and pasted HTML are validated/sanitized.,,,,,,,,,,,,,A,not_started,
SEC-006,History and search network features are disabled in v1.,,,,,,,,,,,,,A,not_started,
SEC-007,"Dependency locks, advisories, license inventory, provenance checks, and SBOM are release artifacts.",,,,,,,,,,,,,A,not_started,
SEC-008,Spellcheck dictionaries and language data are bundled or otherwise available offline under compatible licenses; user prose is not sent to a network service.,,,,,,,,,,,,,A,not_started,
